<?xml version="1.0" encoding="UTF-8"?>
<!--

       Copyright 2009-2016 the original author or authors.

       Licensed under the Apache License, Version 2.0 (the "License");
       you may not use this file except in compliance with the License.
       You may obtain a copy of the License at

          http://www.apache.org/licenses/LICENSE-2.0

       Unless required by applicable law or agreed to in writing, software
       distributed under the License is distributed on an "AS IS" BASIS,
       WITHOUT WARRANTIES OR CONDITIONS OF ANY KIND, either express or implied.
       See the License for the specific language governing permissions and
       limitations under the License.

-->
<!-- version: $Id$ -->

<document xmlns="http://maven.apache.org/XDOC/2.0" xmlns:xsi="http://www.w3.org/2001/XMLSchema-instance"
  xsi:schemaLocation="http://maven.apache.org/XDOC/2.0 http://maven.apache.org/xsd/xdoc-2.0.xsd">

  <properties>
    <title>마이바티스 3 | 소개</title>
    <author email="clinton.begin@gmail.com">Clinton Begin</author>
    <author email="fromm0@gmail.com">이동국(한국어 번역)</author>
  </properties>

  <body>
    <section name="소개">
      <subsection name="마이바티스는 무엇인가?">
        <p>
		마이바티스는 개발자가 지정한 SQL, 저장프로시저 그리고 몇가지 고급 매핑을 지원하는 퍼시스턴스 프레임워크이다.
		마이바티스는 JDBC로 처리하는 상당부분의 코드와 파라미터 설정및 결과 매핑을 대신해준다. 
		마이바티스는 데이터베이스 레코드에 원시타입과 Map 인터페이스 그리고 자바 POJO 를 설정해서 매핑하기 위해 XML과 애노테이션을 사용할 수 있다.
		</p>
      </subsection>

      <subsection name="이 문서가 더 좋아지도록 도와주세요…">
        <p>
		이 문서가 일부 내용을 자세히 다루지 않거나 특정 기능에 대해 설명하지 않을 경우 마이바티스를 공부하는 가장 좋은 방법은 사용자 스스로 그 부분에 대한 문서를 작성하는 것이다!
        </p>
        <p>
		이 문서는 xdoc포맷으로 되어 있으며 <a href="https://github.com/mybatis/mybatis-3/tree/master/src/site">프로젝트 깃허브</a>에서 볼수 있다. 
		저장소를 포크하고 수정한 뒤 Pull request요청을 보내면 됩니다.        </p>
        <p>
		그러면 이 문서의 가장 멋진 저자가 되고 다른 많은 사람들이 이 문서를 읽을 것이다!
        </p>
      </subsection>

      <subsection name="번역에 대하여">
		<p>번역자 : 이동국(fromm0@gmail.com, http://ldg.pe.kr, https://www.facebook.com/dongguk.lee.3)</p>
        <p>다음의 몇가지 언어로 번역된 마이바티스 문서를 읽을수 있다.</p>
        <ul class="i18n">
          <li class="en"><a href="../getting-started.html">영어</a></li>
          <li class="es"><a href="../es/index.html">스페인어</a></li>
<!--      <li class="fr"><a href="../fr/index.html">프랑스어</a></li> -->      
          <li class="ja"><a href="../ja/index.html">일본어</a></li>
          <li class="ko"><a href="../ko/index.html">한국어</a></li>
          <li class="zh"><a href="../zh/index.html">중국어번체</a></li>
        </ul>
        <p>당신의 모국어로 작성된 마이바티스 문서를 읽고 싶은가? 그렇다면 모국어로 작성된 문서를 패치로 첨부한 이슈를 등록해달라!</p>
      </subsection>
    </section>
  </body>
</document>