<?xml version="1.0" encoding="UTF-8"?>
<!--

       Copyright 2009-2016 the original author or authors.

       Licensed under the Apache License, Version 2.0 (the "License");
       you may not use this file except in compliance with the License.
       You may obtain a copy of the License at

          http://www.apache.org/licenses/LICENSE-2.0

       Unless required by applicable law or agreed to in writing, software
       distributed under the License is distributed on an "AS IS" BASIS,
       WITHOUT WARRANTIES OR CONDITIONS OF ANY KIND, either express or implied.
       See the License for the specific language governing permissions and
       limitations under the License.

-->
<!-- version: $Id$ -->
<project name="${project.name}" xmlns="http://maven.apache.org/DECORATION/1.7.0" xmlns:xsi="http://www.w3.org/2001/XMLSchema-instance"
    xsi:schemaLocation="http://maven.apache.org/DECORATION/1.7.0 http://maven.apache.org/xsd/decoration-1.7.0.xsd">

  <body>
    <menu name="参考文档">
      <item name="简介" href="index.html"/>
      <item name="入门" href="getting-started.html"/>
      <item name="XML配置" href="configuration.html" collapse="true">
        <item href="configuration.html#properties" name="属性(properties)" />
        <item href="configuration.html#settings" name="设置(settings)" />
        <item href="configuration.html#typeAliases" name="类型别名(typeAliases)" />
        <item href="configuration.html#typeHandlers" name="类型处理(typeHandlers)" />
        <item href="configuration.html#objectFactory" name="对象工厂(objectFactory)" />
        <item href="configuration.html#plugins" name="插件(plugins)" />
        <item href="configuration.html#environments" name="环境配置(environments)" />
        <item href="configuration.html#databaseIdProvider" name="数据库厂商标识(databaseIdProvider)" />
        <item href="configuration.html#mappers" name="映射器(mappers)" />
      </item>
      <item name="XML映射文件" href="sqlmap-xml.html" collapse="true">
        <item href="sqlmap-xml.html#select" name="查询(select)" />
        <item href="sqlmap-xml.html#insert_update_and_delete" name="更新(insert, update and delete)" />
        <item href="sqlmap-xml.html#Parameters" name="参数(Parameters)" />
        <item href="sqlmap-xml.html#Result_Maps" name="结果集(Result Maps)" />
        <item href="sqlmap-xml.html#Auto-mapping" name="自动映射(Auto-mapping)" />
        <item href="sqlmap-xml.html#cache" name="cache" />
      </item>
      <item name="动态SQL" href="dynamic-sql.html"/>
      <item name="Java API" href="java-api.html" collapse="true">
        <item name="目录结构" href="java-api.html#directoryStructure" />
        <item name="SqlSessions" href="java-api.html#sqlSessions" />
      </item>
      <item name="SQL语句构建器" href="statement-builders.html" collapse="true" />
      <item name="日志" href="logging.html"/>
    </menu>

    <menu ref="reports"/>
  </body>
</project>